,precision,recall,f1-score,support
COVID19,0.9732142857142857,0.9396551724137931,0.956140350877193,116.0
NORMAL,0.8882175226586103,0.9274447949526814,0.9074074074074074,317.0
PNEUMONIA,0.9680473372781065,0.9567251461988304,0.9623529411764706,855.0
accuracy,0.9479813664596274,0.9479813664596274,0.9479813664596274,0.9479813664596274
macro avg,0.9431597152170008,0.9412750378551017,0.9419668998203571,1288.0
weighted avg,0.948865128259641,0.9479813664596274,0.9482703366116344,1288.0
